學年度,考古題
104,"<a href=""http://coedev.nctu.edu.tw/wp-content/uploads/c3_4_104.pdf"">[icon name=""file-pdf-o"" class=""fa-2x"" unprefixed_class=""""]</a>"
102,"<a href=""http://coedev.nctu.edu.tw/wp-content/uploads/c3_4_102.pdf"">[icon name=""file-pdf-o"" class=""fa-2x"" unprefixed_class=""""]</a>"
101,"<a href=""http://coedev.nctu.edu.tw/wp-content/uploads/c3_4_101.pdf"">[icon name=""file-pdf-o"" class=""fa-2x"" unprefixed_class=""""]</a>"
100,"<a href=""http://coedev.nctu.edu.tw/wp-content/uploads/c3_4_100.pdf"">[icon name=""file-pdf-o"" class=""fa-2x"" unprefixed_class=""""]</a>"
99,"<a href=""http://coedev.nctu.edu.tw/wp-content/uploads/c3_4_99.pdf"">[icon name=""file-pdf-o"" class=""fa-2x"" unprefixed_class=""""]</a>"
98,"<a href=""http://coedev.nctu.edu.tw/wp-content/uploads/c3_4_98.pdf"">[icon name=""file-pdf-o"" class=""fa-2x"" unprefixed_class=""""]</a>"
97,"<a href=""http://coedev.nctu.edu.tw/wp-content/uploads/c3_4_97.pdf"">[icon name=""file-pdf-o"" class=""fa-2x"" unprefixed_class=""""]</a>"
96,"<a href=""http://coedev.nctu.edu.tw/wp-content/uploads/c3_4_96.pdf"">[icon name=""file-pdf-o"" class=""fa-2x"" unprefixed_class=""""]</a>"
95,"<a href=""http://coedev.nctu.edu.tw/wp-content/uploads/c3_4_95.pdf"">[icon name=""file-pdf-o"" class=""fa-2x"" unprefixed_class=""""]</a>"
94,"<a href=""http://coedev.nctu.edu.tw/wp-content/uploads/c3_4_94.pdf"">[icon name=""file-pdf-o"" class=""fa-2x"" unprefixed_class=""""]</a>"
93,"<a href=""http://coedev.nctu.edu.tw/wp-content/uploads/c3_4_93.pdf"">[icon name=""file-pdf-o"" class=""fa-2x"" unprefixed_class=""""]</a>"
92,"<a href=""http://coedev.nctu.edu.tw/wp-content/uploads/c3_4_92.pdf"">[icon name=""file-pdf-o"" class=""fa-2x"" unprefixed_class=""""]</a>"
91,"<a href=""http://coedev.nctu.edu.tw/wp-content/uploads/c3_4_91.pdf"">[icon name=""file-pdf-o"" class=""fa-2x"" unprefixed_class=""""]</a>"
90,"<a href=""http://coedev.nctu.edu.tw/wp-content/uploads/c3_4_90.pdf"">[icon name=""file-pdf-o"" class=""fa-2x"" unprefixed_class=""""]</a>"
